Workbook

Sheet Summary
A1: Emergency Lighting Requirement & Room-by-Room Take-off – Building A and B
A2: Prepared 2026-05-19 | Based on AS/NZS 2293 series and NZBC F6/F8 references.
A4: Important limitation | B4: I do not have the actual floor plans / confirmed room list in this chat. So the Building A/B tabs are a detailed editable take-off template with example room numbers. Replace the room numbers/area data with the real plan room numbers and the formulas will update counts.
A5: Main design standard | B5: AS/NZS 2293.1:2018 + Amendment 1:2021 — system design, installation and operation
A6: Luminaire product standard | B6: AS/NZS 2293.3:2018 + Amendment 1:2021 — emergency luminaires and exit signs
A7: Maintenance standard | B7: AS/NZS 2293.2:2019 — routine service and maintenance
A8: Emergency duration | B8: In-service emergency operation: 90 min unless NZBC/building regulation specifies otherwise. Initial commissioning test: 1.33 × required duration.
A9: Design illuminance | B9: General designated areas are checked using AS/NZS 2293.1 spacing/calc method; stairways require 1 lx on landings and treads.
A10: Maximum area per fitting | B10: A single emergency luminaire shall not serve more than 500 m².
A11: Exit signs | B11: Required locations are determined by NZBC F8/AS1; signs must conform to AS/NZS 2293.3 and be visible for the designed viewing distance.
A12: How to use | B12: Enter real room/area numbers, area, number of exit-sign doorways, corridor intersections, direction changes, level changes, and stair points. Use 'Proposed' columns for your actual design.
A14: Workbook sheets | B14: Purpose
A15: Requirements | B15: Detailed rule/checklist from AS/NZS 2293.1, 2293.2 and 2293.3.
A16: Building A | B16: Room-by-room/area-by-area take-off worksheet for Building A.
... A20: References | B20: Source standards and clauses used.

Sheet Requirements
A1: Emergency lighting and exit sign requirements checklist
A3: Item | B3: Requirement / rule | C3: Design implication | D3: Required value / action | E3: Applies to | F3: Standard reference | G3: Check status
A4: 1 | B4: Emergency luminaires shall be installed throughout the designated area. | C4: All escape routes/designated spaces in Building A and B need emergency coverage. | D4: Provide emergency luminaires in every designated escape area. | E4: Both | F4: AS/NZS 2293.1:2018 Cl 4.3 | G4: To check
A5: 2 | B5: One emergency luminaire must not serve an area larger than 500 m². | C5: Large open areas need more than one fitting even before spacing/calculation checks. | D5: Minimum area allowance = CEILING(area/500). | E5: Both | F5: AS/NZS 2293.1:2018 Cl 4.3 | G5: To check
A6: 3 | B6: Emergency luminaire required within 2 m on the approach side of each doorway requiring an exit sign. | C6: Count exit-sign doors; each normally triggers a nearby emergency luminaire unless a compliant dual-function sign covers it. | D6: Within 2 m of approach side. | E6: Both | F6: AS/NZS 2293.1:2018 Cl 4.5 | G6: To check
A7: 4 | B7: Emergency luminaire required within 2 m of corridor intersections. | C7: Count T/intersection points in corridors. | D7: Within 2 m of centre-line intersection. | E7: Both | F7: AS/NZS 2293.1:2018 Cl 4.5(a) | G7: To check
A8: 5 | B8: Emergency luminaire required within 2 m of changes in direction, unless the straight-line/spacing exception applies. | C8: Count corridor bends/turns; designer may justify omission only if exception is satisfied. | D8: Within 2 m of direction change. | E8: Both | F8: AS/NZS 2293.1:2018 Cl 4.5(b) | G8: To check
A9: 6 | B9: Emergency luminaire required within 2 m of any change of floor level, on the low side. | C9: Count ramps, steps, level transitions. | D9: Within 2 m on low side. | E9: Both | F9: AS/NZS 2293.1:2018 Cl 4.5(c) | G9: To check
A10: 7 | B10: Stairways require emergency luminaires installed in accordance with stairway rules. | C10: Do a dedicated stair calculation using 1 lx tables/calculation; do not rely on normal corridor spacing only. | D10: 1 lx on each landing and tread surface. | E10: Stairs | F10: AS/NZS 2293.1:2018 Cl 4.8.3/4.8.4 | G10: To check
A11: 8 | B11: For direct lighting, use spacing rules or illuminance calculations. | C11: Final number depends on luminaire classification, mounting height, spacing table and layout. | D11: Appendix E: 0.2 lx; Appendix F: 1 lx for stairs. | E11: Both | F11: AS/NZS 2293.1:2018 Cl 4.6, App E/F | G11: To check
A12: 9 | B12: Maintained/combined maintained emergency luminaires on stairs need de-rating to next higher classification. | C12: When using maintained or combined maintained fittings on stairs, select next higher classification in Appendix F. | D12: Use next higher classification. | E12: Stairs | F12: AS/NZS 2293.1 Amd 1:2021 Cl 4.8.2 | G12: To check
A13: 10 | B13: Exit signs shall be installed where required by NZBC F8/AS1 and conform to AS/NZS 2293.3. | C13: Provide exit/directional signs at required exits and where direction is not obvious. | D13: Use correct sign type and viewing distance. | E13: Both | F13: AS/NZS 2293.1:2018 Cl 5.2; AS/NZS 2293.3 | G13: To check
A14: 11 | B14: Exit signs should normally be mounted 2.0 m to 2.7 m above floor level; if not practical, consider larger sign size. | C14: Confirm mounting height on drawings. | D14: 2.0–2.7 m typical mounting range. | E14: Both | F14: AS/NZS 2293.1:2018 Cl 5.8 | G14: To check
A15: 12 | B15: Emergency luminaires and exit signs must operate on loss of normal lighting supply in the designated area. | C15: Sensing/control wiring must be connected to relevant normal lighting subcircuits. | D15: Automatic operation on supply failure. | E15: Both | F15: AS/NZS 2293.1:2018 Cl 2.3.3 | G15: To check
... A19: 16 | B19: Routine service records must include installed fittings, quantity/type/location, defects, responsible entity and service details. | C19: Keep an emergency light schedule as baseline/maintenance data. | D19: Retain records for 7 years. | E19: Both | F19: AS/NZS 2293.2:2019 Cl 2.7 | G19: To check

Sheet Building A
A1: Building A – emergency lighting room/area take-off
A2: Replace example room numbers/areas with the actual plan. Formula is a conservative planning estimate; final design must be verified against AS/NZS 2293.1 spacing tables or illuminance calculation.
A4: Building | B4: Level | C4: Room/Area No. | D4: Room/Area name | E4: Area type | F4: Area m² | G4: Exit-sign doorways | H4: Corridor intersections | I4: Direction changes | J4: Floor level changes | K4: Stair/landing points requiring calc | L4: Spacing/calc extra lights | M4: Dual-function exit sign used? | N4: Min emergency lights by formula | O4: Proposed emergency lights | P4: Exit signs required | Q4: Proposed exit signs | R4: Fitting IDs / labels | S4: Mounting / location notes | T4: Compliance status | U4: Designer notes
A5: A | B5: G | C5: A-001 | D5: Main entrance / lobby | E5: Lobby | F5: 120 | G5: 2 | H5: 0 | I5: 0 | J5: 0 | K5: 0 | L5: 0 | M5: No | N5: =MAX(CEILING(F5/500,1),G5+H5+I5+J5+K5+L5) -> 2 | O5: =N5 -> 2 | P5: =G5 -> 2 | Q5: =P5 -> 2 | S5: Exit sign at each required exit door. EM within 2 m approach side. | T5: To check | U5: Update with real plan room number.
A6: A | B6: G | C6: A-002 | D6: Main corridor | E6: Corridor | F6: 90 | G6: 0 | H6: 2 | I6: 1 | J6: 0 | K6: 0 | L6: 0 | M6: No | N6: =MAX(CEILING(F6/500,1),G6+H6+I6+J6+K6+L6) -> 3 | O6: =N6 -> 3 | P6: =G6 -> 0 | Q6: =P6 -> 0 | S6: EM within 2 m of intersections and direction changes; check spacing table between fittings. | T6: To check
A7: A | B7: G | C7: A-003 | D7: Stair 1 | E7: Stair | F7: 35 | G7: 1 | H7: 0 | I7: 0 | J7: 0 | K7: 4 | L7: 0 | M7: No | N7: =MAX(CEILING(F7/500,1),G7+H7+I7+J7+K7+L7) -> 5 | O7: =N7 -> 5 | P7: =G7 -> 1 | Q7: =P7 -> 1 | S7: Use 1 lx Appendix F / calculation for each landing and tread. Position to avoid glare. | T7: To check
A8: A | B8: G | C8: A-004 | D8: Stair 2 | E8: Stair | F8: 35 | G8: 1 | H8: 0 | I8: 0 | J8: 0 | K8: 4 | L8: 0 | M8: No | N8: =MAX(CEILING(F8/500,1),G8+H8+I8+J8+K8+L8) -> 5 | O8: =N8 -> 5 | P8: =G8 -> 1 | Q8: =P8 -> 1 | S8: Use 1 lx Appendix F / calculation for each landing and tread. Position to avoid glare. | T8: To check
A9: A | B9: G | C9: A-005 | D9: Open office / work area | E9: Office | F9: 320 | G9: 0 | H9: 0 | I9: 0 | J9: 0 | K9: 0 | L9: 1 | M9: No | N9: =MAX(CEILING(F9/500,1),G9+H9+I9+J9+K9+L9) -> 1 | O9: =N9 -> 1 | P9: =G9 -> 0 | Q9: =P9 -> 0 | S9: At least by area allowance; add fittings using spacing table for selected classification. | T9: To check
A10: A | B10: G | C10: A-006 | D10: Plant / switchboard room | E10: Plant room | F10: 60 | G10: 0 | H10: 0 | I10: 0 | J10: 0 | K10: 0 | L10: 0 | M10: No | N10: =MAX(CEILING(F10/500,1),G10+H10+I10+J10+K10+L10) -> 1 | O10: =N10 -> 1 | P10: =G10 -> 0 | Q10: =P10 -> 0 | S10: Provide emergency lighting if part of designated route or required by fire/maintenance strategy. | T10: To check
A11: A | B11: G | C11: A-007 | D11: Toilets / amenities | E11: Toilets | F11: 45 | G11: 0 | H11: 0 | I11: 0 | J11: 0 | K11: 0 | L11: 0 | M11: No | N11: =MAX(CEILING(F11/500,1),G11+H11+I11+J11+K11+L11) -> 1 | O11: =N11 -> 1 | P11: =G11 -> 0 | Q11: =P11 -> 0 | S11: Emergency coverage needed if designated area or internal path of travel. | T11: To check
A12: A | B12: G | C12: A-008 | D12: Store / cleaners room | E12: Storage | F12: 30 | G12: 0 | H12: 0 | I12: 0 | J12: 0 | K12: 0 | L12: 0 | M12: No | N12: =MAX(CEILING(F12/500,1),G12+H12+I12+J12+K12+L12) -> 1 | O12: =N12 -> 1 | P12: =G12 -> 0 | Q12: =P12 -> 0 | S12: Usually no exit sign unless part of escape path; check if room is windowless/occupied and local code requirement. | T12: To check
A13: A | B13: G | C13: A-009 | D13: Reception / first aid point | E13: Reception / First aid | F13: 80 | G13: 0 | H13: 0 | I13: 0 | J13: 0 | K13: 0 | L13: 0 | M13: No | N13: =MAX(CEILING(F13/500,1),G13+H13+I13+J13+K13+L13) -> 1 | O13: =N13 -> 1 | P13: =G13 -> 0 | Q13: =P13 -> 0 | S13: Check visibility of safety equipment and escape path. Normal lighting lux is separate from emergency lighting. | T13: To check
A14: A | B14: G | C14: A-010 | D14: External exit discharge / covered path | E14: External egress | F14: 50 | G14: 1 | H14: 0 | I14: 0 | J14: 0 | K14: 0 | L14: 0 | M14: No | N14: =MAX(CEILING(F14/500,1),G14+H14+I14+J14+K14+L14) -> 1 | O14: =N14 -> 1 | P14: =G14 -> 1 | Q14: =P14 -> 1 | S14: If part of required escape route/discharge path, coordinate with NZBC F6/F8 requirements. | T14: To check
A15: A | B15: 1 | C15: A-101 | D15: Upper corridor | E15: Corridor | F15: 100 | G15: 0 | H15: 2 | I15: 1 | J15: 0 | K15: 0 | L15: 0 | M15: No | N15: =MAX(CEILING(F15/500,1),G15+H15+I15+J15+K15+L15) -> 3 | O15: =N15 -> 3 | P15: =G15 -> 0 | Q15: =P15 -> 0 | S15: EM within 2 m of intersections and direction changes; check spacing table between fittings. | T15: To check
A16: A | B16: 1 | C16: A-102 | D16: Meeting / classroom / office | E16: Room | F16: 180 | G16: 0 | H16: 0 | I16: 0 | J16: 0 | K16: 0 | L16: 1 | M16: No | N16: =MAX(CEILING(F16/500,1),G16+H16+I16+J16+K16+L16) -> 1 | O16: =N16 -> 1 | P16: =G16 -> 0 | Q16: =P16 -> 0 | S16: If room forms designated area or escape route, emergency lighting required. Otherwise confirm with NZBC fire report. | T16: To check
A17: A | B17: 1 | C17: A-103 | D17: Secondary exit lobby | E17: Exit lobby | F17: 70 | G17: 2 | H17: 0 | I17: 0 | J17: 0 | K17: 0 | L17: 0 | M17: No | N17: =MAX(CEILING(F17/500,1),G17+H17+I17+J17+K17+L17) -> 2 | O17: =N17 -> 2 | P17: =G17 -> 2 | Q17: =P17 -> 2 | S17: Exit signs at required exits; EM within 2 m approach side. | T17: To check
A19: TOTAL | F19: =SUM(F5:F17) -> 1215 | G19: =SUM(G5:G17) -> 7 | H19: =SUM(H5:H17) -> 4 | I19: =SUM(I5:I17) -> 2 | J19: =SUM(J5:J17) -> 0 | K19: =SUM(K5:K17) -> 8 | L19: =SUM(L5:L17) -> 2 | N19: =SUM(N5:N17) -> 27 | O19: =SUM(O5:O17) -> 27 | P19: =SUM(P5:P17) -> 7 | Q19: =SUM(Q5:Q17) -> 7

Sheet Building B
A1: Building B – emergency lighting room/area take-off
A2: Replace example room numbers/areas with the actual plan. Formula is a conservative planning estimate; final design must be verified against AS/NZS 2293.1 spacing tables or illuminance calculation.
A4: Building | B4: Level | C4: Room/Area No. | D4: Room/Area name | E4: Area type | F4: Area m² | G4: Exit-sign doorways | H4: Corridor intersections | I4: Direction changes | J4: Floor level changes | K4: Stair/landing points requiring calc | L4: Spacing/calc extra lights | M4: Dual-function exit sign used? | N4: Min emergency lights by formula | O4: Proposed emergency lights | P4: Exit signs required | Q4: Proposed exit signs | R4: Fitting IDs / labels | S4: Mounting / location notes | T4: Compliance status | U4: Designer notes
A5: B | B5: G | C5: B-001 | D5: Main entrance / lobby | E5: Lobby | F5: 120 | G5: 2 | H5: 0 | I5: 0 | J5: 0 | K5: 0 | L5: 0 | M5: No | N5: =MAX(CEILING(F5/500,1),G5+H5+I5+J5+K5+L5) -> 2 | O5: =N5 -> 2 | P5: =G5 -> 2 | Q5: =P5 -> 2 | S5: Exit sign at each required exit door. EM within 2 m approach side. | T5: To check | U5: Update with real plan room number.
A6: B | B6: G | C6: B-002 | D6: Main corridor | E6: Corridor | F6: 90 | G6: 0 | H6: 2 | I6: 1 | J6: 0 | K6: 0 | L6: 0 | M6: No | N6: =MAX(CEILING(F6/500,1),G6+H6+I6+J6+K6+L6) -> 3 | O6: =N6 -> 3 | P6: =G6 -> 0 | Q6: =P6 -> 0 | S6: EM within 2 m of intersections and direction changes; check spacing table between fittings. | T6: To check
A7: B | B7: G | C7: B-003 | D7: Stair 1 | E7: Stair | F7: 35 | G7: 1 | H7: 0 | I7: 0 | J7: 0 | K7: 4 | L7: 0 | M7: No | N7: =MAX(CEILING(F7/500,1),G7+H7+I7+J7+K7+L7) -> 5 | O7: =N7 -> 5 | P7: =G7 -> 1 | Q7: =P7 -> 1 | S7: Use 1 lx Appendix F / calculation for each landing and tread. Position to avoid glare. | T7: To check
A8: B | B8: G | C8: B-004 | D8: Stair 2 | E8: Stair | F8: 35 | G8: 1 | H8: 0 | I8: 0 | J8: 0 | K8: 4 | L8: 0 | M8: No | N8: =MAX(CEILING(F8/500,1),G8+H8+I8+J8+K8+L8) -> 5 | O8: =N8 -> 5 | P8: =G8 -> 1 | Q8: =P8 -> 1 | S8: Use 1 lx Appendix F / calculation for each landing and tread. Position to avoid glare. | T8: To check
A9: B | B9: G | C9: B-005 | D9: Open office / work area | E9: Office | F9: 320 | G9: 0 | H9: 0 | I9: 0 | J9: 0 | K9: 0 | L9: 1 | M9: No | N9: =MAX(CEILING(F9/500,1),G9+H9+I9+J9+K9+L9) -> 1 | O9: =N9 -> 1 | P9: =G9 -> 0 | Q9: =P9 -> 0 | S9: At least by area allowance; add fittings using spacing table for selected classification. | T9: To check
A10: B | B10: G | C10: B-006 | D10: Plant / switchboard room | E10: Plant room | F10: 60 | G10: 0 | H10: 0 | I10: 0 | J10: 0 | K10: 0 | L10: 0 | M10: No | N10: =MAX(CEILING(F10/500,1),G10+H10+I10+J10+K10+L10) -> 1 | O10: =N10 -> 1 | P10: =G10 -> 0 | Q10: =P10 -> 0 | S10: Provide emergency lighting if part of designated route or required by fire/maintenance strategy. | T10: To check
A11: B | B11: G | C11: B-007 | D11: Toilets / amenities | E11: Toilets | F11: 45 | G11: 0 | H11: 0 | I11: 0 | J11: 0 | K11: 0 | L11: 0 | M11: No | N11: =MAX(CEILING(F11/500,1),G11+H11+I11+J11+K11+L11) -> 1 | O11: =N11 -> 1 | P11: =G11 -> 0 | Q11: =P11 -> 0 | S11: Emergency coverage needed if designated area or internal path of travel. | T11: To check
A12: B | B12: G | C12: B-008 | D12: Store / cleaners room | E12: Storage | F12: 30 | G12: 0 | H12: 0 | I12: 0 | J12: 0 | K12: 0 | L12: 0 | M12: No | N12: =MAX(CEILING(F12/500,1),G12+H12+I12+J12+K12+L12) -> 1 | O12: =N12 -> 1 | P12: =G12 -> 0 | Q12: =P12 -> 0 | S12: Usually no exit sign unless part of escape path; check if room is windowless/occupied and local code requirement. | T12: To check
A13: B | B13: G | C13: B-009 | D13: Reception / first aid point | E13: Reception / First aid | F13: 80 | G13: 0 | H13: 0 | I13: 0 | J13: 0 | K13: 0 | L13: 0 | M13: No | N13: =MAX(CEILING(F13/500,1),G13+H13+I13+J13+K13+L13) -> 1 | O13: =N13 -> 1 | P13: =G13 -> 0 | Q13: =P13 -> 0 | S13: Check visibility of safety equipment and escape path. Normal lighting lux is separate from emergency lighting. | T13: To check
A14: B | B14: G | C14: B-010 | D14: External exit discharge / covered path | E14: External egress | F14: 50 | G14: 1 | H14: 0 | I14: 0 | J14: 0 | K14: 0 | L14: 0 | M14: No | N14: =MAX(CEILING(F14/500,1),G14+H14+I14+J14+K14+L14) -> 1 | O14: =N14 -> 1 | P14: =G14 -> 1 | Q14: =P14 -> 1 | S14: If part of required escape route/discharge path, coordinate with NZBC F6/F8 requirements. | T14: To check
A15: B | B15: 1 | C15: B-101 | D15: Upper corridor | E15: Corridor | F15: 100 | G15: 0 | H15: 2 | I15: 1 | J15: 0 | K15: 0 | L15: 0 | M15: No | N15: =MAX(CEILING(F15/500,1),G15+H15+I15+J15+K15+L15) -> 3 | O15: =N15 -> 3 | P15: =G15 -> 0 | Q15: =P15 -> 0 | S15: EM within 2 m of intersections and direction changes; check spacing table between fittings. | T15: To check
A16: B | B16: 1 | C16: B-102 | D16: Meeting / classroom / office | E16: Room | F16: 180 | G16: 0 | H16: 0 | I16: 0 | J16: 0 | K16: 0 | L16: 1 | M16: No | N16: =MAX(CEILING(F16/500,1),G16+H16+I16+J16+K16+L16) -> 1 | O16: =N16 -> 1 | P16: =G16 -> 0 | Q16: =P16 -> 0 | S16: If room forms designated area or escape route, emergency lighting required. Otherwise confirm with NZBC fire report. | T16: To check
A17: B | B17: 1 | C17: B-103 | D17: Secondary exit lobby | E17: Exit lobby | F17: 70 | G17: 2 | H17: 0 | I17: 0 | J17: 0 | K17: 0 | L17: 0 | M17: No | N17: =MAX(CEILING(F17/500,1),G17+H17+I17+J17+K17+L17) -> 2 | O17: =N17 -> 2 | P17: =G17 -> 2 | Q17: =P17 -> 2 | S17: Exit signs at required exits; EM within 2 m approach side. | T17: To check
A19: TOTAL | F19: =SUM(F5:F17) -> 1215 | G19: =SUM(G5:G17) -> 7 | H19: =SUM(H5:H17) -> 4 | I19: =SUM(I5:I17) -> 2 | J19: =SUM(J5:J17) -> 0 | K19: =SUM(K5:K17) -> 8 | L19: =SUM(L5:L17) -> 2 | N19: =SUM(N5:N17) -> 27 | O19: =SUM(O5:O17) -> 27 | P19: =SUM(P5:P17) -> 7 | Q19: =SUM(Q5:Q17) -> 7

Sheet Take-off Summary
A1: Emergency Lighting Take-off Summary
A3: Building | B3: Required emergency lights | C3: Proposed emergency lights | D3: Required exit signs | E3: Proposed exit signs | F3: Rooms/areas listed | G3: Rows needing design/check | H3: Notes
A4: Building A | B4: ='Building A'!N19 -> 27 | C4: ='Building A'!O19 -> 27 | D4: ='Building A'!P19 -> 7 | E4: ='Building A'!Q19 -> 7 | F4: =COUNTA('Building A'!C5:C17) -> 13 | G4: =COUNTIF('Building A'!T5:T17,"To check")+COUNTIF('Building A'!T5:T17,"Needs design")+COUNTIF('Building A'!T5:T17,"Missing info") -> 13 | H4: From Building A sheet
A5: Building B | B5: ='Building B'!N19 -> 27 | C5: ='Building B'!O19 -> 27 | D5: ='Building B'!P19 -> 7 | E5: ='Building B'!Q19 -> 7 | F5: =COUNTA('Building B'!C5:C17) -> 13 | G5: =COUNTIF('Building B'!T5:T17,"To check")+COUNTIF('Building B'!T5:T17,"Needs design")+COUNTIF('Building B'!T5:T17,"Missing info") -> 13 | H5: From Building B sheet
A6: TOTAL | B6: =SUM(B4:B5) -> 54 | C6: =SUM(C4:C5) -> 54 | D6: =SUM(D4:D5) -> 14 | E6: =SUM(E4:E5) -> 14 | F6: =SUM(F4:F5) -> 26 | G6: =SUM(G4:G5) -> 26
A8: Design notes / warnings
A9: 1 | B9: The totals are planning estimates only. Final design must use actual room geometry and selected fitting photometric classification/spacing tables.
A10: 2 | B10: For corridors, count each exit-sign door, intersection, change of direction, and low side of level change. Then check maximum spacing between fittings.
A11: 3 | B11: For stairs, do a separate stair calculation to prove 1 lx over treads and landings. The sheet includes a count column but final luminaire positions must be checked.
A12: 4 | B12: If a dual-function exit sign is used, it can count as both exit sign and emergency luminaire only if the product conforms and is classified for that use.
A13: 5 | B13: Exit sign quantities depend on NZBC F8/AS1/fire report requirements and sightlines; update after checking actual egress paths.
A14: 6 | B14: Replace example room numbers with actual room numbers from Building A and Building B drawings.

Sheet Maintenance
A1: Emergency lighting maintenance checklist
A3: Frequency | B3: Item | C3: Activity | D3: Record required | E3: Applies to | F3: Standard reference | G3: Status
A4: 6-monthly | B4: Emergency luminaires and exit/directional signs | C4: Inspect each fitting/sign; record if functioning as required. | D4: Pass/Fail per item | E4: Both buildings | F4: AS/NZS 2293.2:2019 Table A2 Item 2.1 | G4: To do
A5: 6-monthly | B5: Condition | C5: Check free from damage, deterioration, contamination or other conditions affecting function. | D5: Pass/Fail / noted, replaced, cleaned | E5: Both buildings | F5: AS/NZS 2293.2:2019 Table A2 Item 2.2 | G5: To do
A6: 6-monthly | B6: Exit/directional signs | C6: Confirm direction to required exit is correct per approved design. | D6: Pass/Fail per item | E6: Both buildings | F6: AS/NZS 2293.2:2019 Table A2 Item 2.3 | G6: To do
A7: 6-monthly | B7: Duration test | C7: Initiate test by simulating loss of primary power using designated test facility; inspect for required duration. | D7: Start time and Pass/Fail per fitting | E7: Both buildings | F7: AS/NZS 2293.2:2019 Table A2 Items 2.7–2.8 | G7: To do
A8: Yearly | B8: Reflecting surfaces for indirect systems | C8: Inspect ceilings/walls for changes that could affect approved design. | D8: Pass/Fail | E8: If indirect lighting used | F8: AS/NZS 2293.2:2019 Table A4 Item 4.2 | G8: To do
A9: Yearly | B9: Directional beam luminaires | C9: Check aim is according to approved design and not directed into occupants’ eyes. | D9: Pass/Fail per directional beam | E9: If directional beam used | F9: AS/NZS 2293.2:2019 Table A4 Item 4.3 | G9: To do
A10: Yearly | B10: Emergency light and exit sign schedule | C10: Check fitting schedule/drawings against installed fittings and changes since last service. | D10: Record outcomes | E10: Both buildings | F10: AS/NZS 2293.2:2019 Table A4 Item 4.9 | G10: To do
A11: Yearly | B11: Survey emergency luminaires | C11: Inspect building for adequate emergency lighting according to approved design. | D11: Pass/Fail | E11: Both buildings | F11: AS/NZS 2293.2:2019 Table A4 Item 4.11 | G11: To do
A12: Yearly | B12: Survey exit and directional signs | C12: Check adequate identification of exits and paths of travel to exits; check unauthorized changes. | D12: Pass/Fail | E12: Both buildings | F12: AS/NZS 2293.2:2019 Table A4 Item 4.12 | G12: To do
A13: Records | B13: Routine service records | C13: Log service at the time and provide records to responsible entity before leaving or within one week. | D13: Service record retained | E13: Both buildings | F13: AS/NZS 2293.2:2019 Cl 2.7 | G13: To do
A14: Records | B14: Retention | C14: Keep records on premises electronically/logbook/printed securely. | D14: Minimum 7 years | E14: Both buildings | F14: AS/NZS 2293.2:2019 Cl 2.7.4 | G14: To do

Sheet References
A1: References used in this workbook
A3: Source | B3: Section / Clause | C3: Used for | D3: Notes | E3: File in workspace
A4: AS/NZS 2293.1:2018 Incorporating Amendment No. 1 | B4: Section 1.1, 2.2, 2.3, 2.5, 4.3–4.8, 5.2–5.8 | C4: Design, installation, required locations, duration, exit signs | D4: NZBC takes precedence in NZ; F6/AS1 and F8/AS1 cite AS/NZS 2293.1 as means of compliance. | E4: /mnt/data/ASNZS-2293-12018.pdf and /mnt/data/ASNZS-2293-12018-A1.pdf
A5: AS/NZS 2293.2:2019 | B5: Section 2, Appendix A | C5: Routine service, testing, record keeping, maintenance checklist | D5: Use for ongoing compliance after installation. | E5: /mnt/data/ASNZS-2293-22019.pdf
A6: AS/NZS 2293.3:2018 Incorporating Amendment No. 1 | B6: Sections 2–5, Appendices C/D | C6: Product conformance, classification, batteries/chargers, exit sign requirements | D6: Selected products need test data/classification. | E6: /mnt/data/ASNZS-2293-32018.pdf and /mnt/data/ASNZS-2293-32018-A1.pdf
A7: AS/NZS 1680.1:2006 and AS/NZS 1680 series | B7: General interior lighting and safe movement references | C7: Normal lighting/lux is separate from emergency lighting, but helps distinguish normal lighting design from emergency design. | D7: Emergency lighting uses AS/NZS 2293; normal lighting uses AS/NZS 1680. | E7: /mnt/data/ASNZS-1680-12006.pdf etc.
